{
  "project_info": {
    "project_number": "217807446580",
    "firebase_url": "https://project-aad27.firebaseio.com",
    "project_id": "project-aad27",
    "storage_bucket": "project-aad27.appspot.com"
  },
  "client": [
    {
      "client_info": {
        "mobilesdk_app_id": "1:217807446580:android:090305a35ccf2730",
        "android_client_info": {
          "package_name": "com.example.a247project"
        }
      },
      "oauth_client": [
        {
          "client_id": "217807446580-0o9uk2mlc5d27kvlnm386sbj6en007ga.apps.googleusercontent.com",
          "client_type": 1,
          "android_info": {
            "package_name": "com.example.a247project",
            "certificate_hash": "566b29147085b0eba6a59146debf2b5bcaf14c07"
          }
        },
        {
          "client_id": "217807446580-ukv2f5rlo4jne5o3ounaettb3u8qhpel.apps.googleusercontent.com",
          "client_type": 3
        }
      ],
      "api_key": [
        {
          "current_key": "AIzaSyC-dyGsRwvlkhVaIjsFGC0dX3MToemJmWQ"
        }
      ],
      "services": {
        "appinvite_service": {
          "other_platform_oauth_client": [
            {
              "client_id": "217807446580-ukv2f5rlo4jne5o3ounaettb3u8qhpel.apps.googleusercontent.com",
              "client_type": 3
            }
          ]
        }
      }
    }
  ],
  "configuration_version": "1"
}